2,Bekzat,Serikov,Junior,44000,,Active
3,Daulet,Ospanov,Senior,60500,2026-09-27,Active
5,Yerlan,Tulegenov,Senior,68200,2021-06-01,Active
6,Madina,Kairat,Junior,49500,2022-09-20,Active
9,Timur,Zhanibek,Junior,41800,2023-02-15,Active
11,Zarina,Abdullina,IT,60000,2026-09-27,Active
12,Erlan,Sagyndykov,Sales,48000,2026-09-27,Active
20,Anel,Baitursyn,IT,55000,2026-09-27,Active
21,Dias,Yermek,Sales,51700,2026-09-27,Active
22,Kamila,Sultan,HR,57200,2026-09-27,Active
23,Rustem,Aben,IT,63800,2026-09-27,Active
24,Zhanna,Orazbek,Sales,50600,2026-09-27,Active
